{
  "javascript": "https://developer.mozilla.org/pt-BR/docs/Web/JavaScript",
  "typescript": "https://www.typescriptlang.org/",
  "python": "https://www.python.org/",
  "c#": "https://docs.microsoft.com/pt-br/dotnet/csharp/",
  "java": "https://www.java.com/pt-BR/",
  "kotlin": "https://kotlinlang.org/",
  "vue": "https://vuejs.org/",
  "react": "https://pt-br.reactjs.org/",
  "react native": "https://reactnative.dev/",
  "angular": "https://angular.io/",
  "django": "https://www.djangoproject.com/",
  "elixir": "https://elixir-lang.org/",
  ".net": "https://dotnet.microsoft.com/en-us/",
  "spring": "https://spring.io/",
  "hibernate": "https://hibernate.org/",
  "flutter": "https://flutter.dev/",
  "bootstrap": "https://getbootstrap.com/",
  "deno": "https://doc.deno.land/",
  "c": "https://docs.microsoft.com/pt-br/cpp/?view=msvc-170",
  "c++": "https://docs.microsoft.com/pt-br/cpp/?view=msvc-170",
  "node": "https://nodejs.org/en/",
  "laravel": "https://laravel.com/",
  "php": "https://www.php.net/",
  "swift": "https://developer.apple.com/swift/",
  "ruby": "https://www.ruby-lang.org/pt/",
  "ruby on rails": "https://rubyonrails.org/",
  "yarn": "https://yarnpkg.com/",
  "npm": "https://www.npmjs.com/",
  "lua": "https://www.lua.org/",
  "rust": "https://www.rust-lang.org/learn"
}